transaction_amount,drug_quantity,supply_chain_cost,is_fraud,category,timestamp
1099.3428306022465,44,6115.902053365361,0,supply,2023-01-01
972.347139765763,49,4350.734421924076,0,banking,2023-01-02
1129.5377076201385,75,5947.8258028372165,0,supply,2023-01-03
1304.605971281605,61,5682.034450043926,0,supply,2023-01-04
953.1693250553328,67,2226.4371370865515,0,banking,2023-01-05
953.1726086101639,6,5800.936639629463,0,banking,2023-01-06
1315.8425631014784,9,4568.204211359794,0,supply,2023-01-07
1153.4869458305818,6,4113.957545668327,0,supply,2023-01-08
906.1051228130095,73,4156.739395706258,0,banking,2023-01-09
1108.5120087171929,95,4864.757104367968,0,banking,2023-01-10
907.3164614375075,32,5480.059580086683,0,supply,2023-01-11
906.8540492859486,41,3634.5379778078195,0,supply,2023-01-12
1048.3924543132068,76,5189.847836212464,0,supply,2023-01-13
617.3439510684404,8,5576.758066193072,0,pharma,2023-01-14
655.0164334973935,72,6861.805783669632,0,supply,2023-01-15
887.5424941518055,50,3923.3098307748696,0,pharma,2023-01-16
797.4337759331153,92,4650.387813222196,0,banking,2023-01-17
1062.8494665190547,62,5261.662972696479,0,banking,2023-01-18
818.3951848957578,84,6147.409330191606,0,supply,2023-01-19
717.5392597329417,62,4695.776118828186,0,banking,2023-01-20
1293.1297537843109,7,6198.641371991051,0,banking,2023-01-21
954.8447399026928,75,3062.6376835235405,0,banking,2023-01-22
1013.5056409375848,84,3746.6518068781143,0,banking,2023-01-23
715.0503627573087,80,5348.6443443342205,0,pharma,2023-01-24
891.1234550949634,4,3589.1755019121247,1,pharma,2023-01-25
1022.1845179419732,6,3825.529473233283,0,supply,2023-01-26
769.8012845155395,58,4472.22313575406,0,supply,2023-01-27
1075.1396036691344,22,5771.438991915824,0,supply,2023-01-28
879.872262016239,26,3104.035158692711,0,banking,2023-01-29
941.6612500413446,3,5170.298362162394,0,banking,2023-01-30
879.6586775541206,41,6032.963947152806,0,pharma,2023-01-31
1370.4556369017876,60,4805.054791571041,0,pharma,2023-02-01
997.3005550524132,14,4631.1697704074595,0,supply,2023-02-02
788.45781420882,75,5401.771282558574,0,pharma,2023-02-03
1164.5089824206377,82,4807.88894727856,0,pharma,2023-02-04
755.8312700057955,12,6390.499781240746,0,pharma,2023-02-05
1041.7727190009512,87,3888.586987865565,0,pharma,2023-02-06
608.0659752240449,12,4948.355844834915,0,pharma,2023-02-07
734.3627902203139,13,5205.686374960685,0,supply,2023-02-08
1039.3722471738247,25,4621.54594815354,0,supply,2023-02-09
1147.6933159990822,45,2128.717337042539,0,pharma,2023-02-10
1034.2736562379941,19,4839.095091950807,0,supply,2023-02-11
976.8703435223518,55,5900.176986912466,0,banking,2023-02-12
939.7792608821422,45,5778.109186126017,0,pharma,2023-02-13
704.2956019265146,8,5354.7784821702,0,banking,2023-02-14
856.0311583210582,93,3902.1376416507765,0,supply,2023-02-15
907.8722458080425,53,5395.309462458484,0,supply,2023-02-16
1211.424445243783,55,4426.562178457762,0,banking,2023-02-17
1068.7236579136923,32,5353.4829059486665,0,supply,2023-02-18
647.3919689274533,51,5121.505011401716,0,pharma,2023-02-19
1064.816793878959,44,4023.6247287166284,0,banking,2023-02-20
922.9835439167367,82,4107.544160643097,0,pharma,2023-02-21
864.6155999388083,70,5355.022454421516,0,banking,2023-02-22
1122.3352577681735,18,4778.886904711499,0,supply,2023-02-23
1206.19990449919,83,4159.718569342871,0,banking,2023-02-24
1186.2560238232397,22,4077.169810273167,0,banking,2023-02-25
832.1564953554723,37,4696.169152013784,0,pharma,2023-02-26
938.1575248297571,96,6568.10479471821,0,supply,2023-02-27
1066.2526862807129,56,4473.921967788041,0,pharma,2023-02-28
1195.1090254244718,59,4985.9804617424115,0,supply,2023-03-01
904.165152430942,3,5101.64428768951,0,pharma,2023-03-02
962.8682046672366,28,3868.9736085080567,0,banking,2023-03-03
778.7330051987943,74,3237.167516157305,0,pharma,2023-03-04
760.7586751838659,35,3973.359265264269,0,supply,2023-03-05
1162.5051644788396,61,5247.077377806303,0,supply,2023-03-06
1271.2480057141647,93,5087.3310579154095,0,banking,2023-03-07
985.5979756839332,54,5702.406569151065,0,supply,2023-03-08
1200.706579578405,63,5096.749894959116,0,pharma,2023-03-09
1072.3272050095268,79,4890.450708530797,0,banking,2023-03-10
870.9760490789752,97,4395.987725074873,0,supply,2023-03-11
1072.279121101683,7,5884.606789862693,0,supply,2023-03-12
1307.6073132931938,76,4080.819861279283,0,pharma,2023-03-13
992.8347921780097,49,3889.600482703979,0,pharma,2023-03-14
1312.9287311628013,94,5567.055517388103,0,banking,2023-03-15
476.05097918205115,85,3666.8426893463447,0,supply,2023-03-16
1164.3805008750448,31,7414.790998658631,0,pharma,2023-03-17
1017.4094136476342,58,5079.993380559144,0,banking,2023-03-18
940.1985299068265,61,5347.906116324885,0,supply,2023-03-19
1018.3521553071005,24,4191.580175476613,0,supply,2023-03-20
602.4862170798215,20,4684.735155758453,0,banking,2023-03-21
956.0656224324977,37,4573.242883117646,0,banking,2023-03-22
1071.4225143023493,4,4458.165012331358,1,pharma,2023-03-23
1295.5788089483033,92,5632.961751509826,0,supply,2023-03-24
896.3459563452706,20,4550.423961774719,0,supply,2023-03-25
838.3012794213624,60,6017.501229084181,0,supply,2023-03-26
899.6485912830926,24,7663.182350119823,0,banking,2023-03-27
1183.0804235404148,50,4704.458759853451,0,pharma,2023-03-28
1065.750221931937,49,5152.315513576625,0,supply,2023-03-29
894.0479592465922,51,5379.482057165507,1,banking,2023-03-30
1102.6534866226712,96,6811.504812593516,0,supply,2023-03-31
1019.4155098696081,36,4917.352214961811,0,pharma,2023-04-01
1193.7289981065778,98,4170.983080341637,0,supply,2023-04-02
859.5893812245295,66,3733.6594943742957,0,pharma,2023-04-03
934.4675706804463,79,4942.016052567766,0,pharma,2023-04-04
921.5783693735684,34,4551.619780946117,0,supply,2023-04-05
707.2970103735763,36,7010.009289300002,0,supply,2023-04-06
1059.2240554129153,6,6769.862420676966,0,pharma,2023-04-07
1052.2110544359778,39,3965.627172076402,0,banking,2023-04-08
1001.0226913284922,42,4289.239896450821,0,pharma,2023-04-09
953.0825733249707,58,5073.770107886886,0,supply,2023-04-10
716.9258515899171,12,6397.226422558762,0,supply,2023-04-11
915.8709354469282,3,5057.013136371052,0,banking,2023-04-12
931.4570966946461,18,4352.759362011953,0,pharma,2023-04-13
839.5445461556762,40,4941.118190097275,0,pharma,2023-04-14
967.7428576667982,21,4371.515136103953,0,pharma,2023-04-15
1080.8101713629076,15,5602.477209439482,0,supply,2023-04-16
1377.237180242106,97,4290.966288335295,0,pharma,2023-04-17
1034.9155625663677,99,4489.563947573033,0,banking,2023-04-18
1051.5100781445528,26,6161.933813456097,0,supply,2023-04-19
985.1108168467665,8,4231.635052685928,0,supply,2023-04-20
616.2457569401918,94,3553.871967439838,0,pharma,2023-04-21
994.6972249101566,87,5094.9937513563045,0,banking,2023-04-22
1012.0460419882053,42,4639.526595795404,0,supply,2023-04-23
1492.6484224970573,44,5511.415500929954,0,supply,2023-04-24
961.5278070437755,14,5317.47193473109,0,pharma,2023-04-25
1060.3094684667226,78,4968.081505356638,0,pharma,2023-04-26
993.0576460589514,2,4938.956574530004,0,banking,2023-04-27
766.2643924760936,37,4264.141550677165,0,pharma,2023-04-28
1228.5645629030041,69,5083.347070993243,0,banking,2023-04-29
1150.3866065373547,38,5881.284781432769,0,supply,2023-04-30
1158.2063894086093,41,4026.553258600524,0,banking,2023-05-01
818.1225090410522,62,4994.602623638466,0,banking,2023-05-02
1280.5588621872198,60,6038.388755734612,0,banking,2023-05-03
719.6297874415438,14,5505.4240932166995,0,supply,2023-05-04
1117.371418760054,89,6309.472896350713,0,pharma,2023-05-05
1438.0911251619957,84,4431.857670165666,0,supply,2023-05-06
801.8927349738624,2,3169.231551605134,0,pharma,2023-05-07
886.7404540794456,70,5200.651803955687,0,banking,2023-05-08
1019.9302730175283,17,5362.570815026485,0,banking,2023-05-09
899.3048691767601,89,6368.421954472675,0,banking,2023-05-10
689.8673137867735,28,6188.145734706984,0,banking,2023-05-11
1013.7125949612055,66,5536.743623012461,0,banking,2023-05-12
787.539257254779,35,5765.390214170434,0,pharma,2023-05-13
1094.7184861270364,5,4808.178541793361,0,pharma,2023-05-14
816.1151531532394,65,3780.8853886807833,0,banking,2023-05-15
1309.986881003508,40,5117.72121738091,0,supply,2023-05-16
843.3493415327525,76,5982.5734636277775,0,supply,2023-05-17
935.5876967588649,56,5656.360869828549,0,banking,2023-05-18
1162.703443473934,36,5833.807339159364,0,pharma,2023-05-19
753.8271367132089,45,4572.244312953248,0,supply,2023-05-20
1045.4919869208259,23,4734.453161981576,0,supply,2023-05-21
1261.4285508564856,47,5483.4254881146035,0,supply,2023-05-22
678.5033530877545,31,4453.492605491246,0,banking,2023-05-23
1036.9267717064608,11,4484.282930066998,0,supply,2023-05-24
1051.9765588496848,10,5297.982236377452,0,supply,2023-05-25
1156.364574355462,67,5760.904743156908,0,supply,2023-05-26
752.6098578243837,14,4800.471326670591,0,supply,2023-05-27
735.9086773831448,80,3836.8105389463612,0,pharma,2023-05-28
1104.3883131233795,74,4264.19608495717,0,banking,2023-05-29
1059.3969346466372,93,5203.672084893098,0,banking,2023-05-30
1050.0985700691754,10,5191.520963865964,0,pharma,2023-05-31
1069.289641899395,76,5241.238137655348,0,pharma,2023-06-01
863.9950556843019,94,5521.295290595756,0,banking,2023-06-02
1046.4507394322006,1,5005.81055854245,0,supply,2023-06-03
1058.6144946597362,5,5265.056044840312,0,supply,2023-06-04
857.1297163947264,20,4954.973177171133,0,banking,2023-06-05
1373.1549022289514,8,6148.733482929439,0,supply,2023-06-06
1094.7665841823575,43,6432.342031217502,0,pharma,2023-06-07
761.7393005594703,76,3810.9887176199654,0,supply,2023-06-08
1131.310721726766,1,4744.748057897747,0,supply,2023-06-09
805.0636659545357,57,5032.724491540707,0,supply,2023-06-10
1157.4169207484904,64,4733.085287985679,0,banking,2023-06-11
1231.7191158014807,84,6792.922591330873,0,pharma,2023-06-12
835.8635363296579,28,5223.955278089735,0,supply,2023-06-13
1192.6752258488643,37,4194.628172949656,0,banking,2023-06-14
1082.5561853872996,47,5596.442339560671,0,supply,2023-06-15
1164.4120319988979,76,5270.974538846192,0,pharma,2023-06-16
1379.3585965307896,37,5304.192919553421,0,supply,2023-06-17
950.9223767994259,49,6807.87615879919,0,pharma,2023-06-18
849.2527671285021,44,5350.78517575481,0,supply,2023-06-19
822.0971140748953,56,4696.338476126004,0,pharma,2023-06-20
836.8379430069124,28,3044.7235736898992,0,supply,2023-06-21
984.5796581171792,79,4834.600981856488,0,pharma,2023-06-22
1068.2303949633288,6,6305.969917327189,0,supply,2023-06-23
1055.3381598660037,61,4908.830880443813,0,supply,2023-06-24
1165.4366498072047,20,2759.950101480497,0,banking,2023-06-25
1002.6003783755814,78,4501.637607807554,0,banking,2023-06-26
1290.7068154314634,2,5992.688538912792,0,pharma,2023-06-27
947.0686333524088,73,5545.817174562015,0,supply,2023-06-28
1544.0338333179238,37,4160.1191034892645,0,pharma,2023-06-29
1125.1334695530013,20,4434.715223600918,0,banking,2023-06-30
828.5684887167436,26,4589.291340897583,0,pharma,2023-07-01
785.8215003877775,29,4337.28622813707,1,pharma,2023-07-02
1096.494483048637,1,2970.3261322604176,0,banking,2023-07-03
955.3074429348299,35,5763.591100619856,0,supply,2023-07-04
1142.8000988184185,70,6257.059956689093,0,pharma,2023-07-05
1094.647524914709,59,3481.5510560352595,0,banking,2023-07-06
985.4342174686254,69,6243.852932586315,0,supply,2023-07-07
830.641256386319,33,4896.976798602785,0,banking,2023-07-08
697.030555062827,51,6225.132348167875,1,pharma,2023-07-09
910.6970095865958,78,5037.950436290446,0,supply,2023-07-10
1171.2797588646945,12,5135.54459215863,0,supply,2023-07-11
1042.8187488260407,20,5372.434646982213,0,banking,2023-07-12
750.8522442576024,53,4209.933674864722,0,banking,2023-07-13
1034.6361851702363,88,6194.674144328022,1,banking,2023-07-14
1077.0634759457673,43,3878.6193619252153,0,supply,2023-07-15
823.2285127597734,98,4597.933255483329,0,supply,2023-07-16
1030.7450211891055,89,5524.264677643168,0,pharma,2023-07-17
1011.6417436892,50,4490.804759514536,0,supply,2023-07-18
771.4059404338753,29,5777.531240814944,0,pharma,2023-07-19
1071.5574720696566,57,6375.866173183957,0,banking,2023-07-20
1112.1569052736468,39,6012.546001053837,0,banking,2023-07-21
1216.6102486350553,95,3063.8846863213785,0,supply,2023-07-22
1210.7604104069806,56,5125.846969619357,0,banking,2023-07-23
724.4661264085818,43,6028.682610696392,0,banking,2023-07-24
812.4349920169755,50,3683.251153177943,0,supply,2023-07-25
1103.0070534417318,23,5723.610587228875,0,pharma,2023-07-26
1102.7571901824417,44,5667.460781639312,0,supply,2023-07-27
1103.0095372612095,38,3787.9101080617347,0,pharma,2023-07-28
1770.5462981309443,84,5834.232665740161,0,supply,2023-07-29
1114.1781021386334,23,5272.697793529935,0,supply,2023-07-30
1227.1131280361199,45,5650.381788721269,0,banking,2023-07-31
1190.8003526986404,52,4033.6876142348674,0,supply,2023-08-01
1130.2782502611597,80,5150.136116371385,0,supply,2023-08-02
936.9461510719309,50,3295.1214458676764,0,pharma,2023-08-03
1151.7938440986536,8,2723.008792466949,0,banking,2023-08-04
845.4349570924857,85,5140.82842652775,0,pharma,2023-08-05
952.6362786519983,1,6100.59760676131,0,pharma,2023-08-06
902.9272904341793,8,5252.93681426508,1,banking,2023-08-07
1016.3748278772645,29,4936.553936055854,0,banking,2023-08-08
1462.9317133347017,96,4812.465879945126,0,banking,2023-08-09
626.5469614816504,5,4057.434608556934,0,supply,2023-08-10
1137.2520380749027,86,4778.1390962046935,0,banking,2023-08-11
677.4568257620697,47,5421.684468264444,0,banking,2023-08-12
905.6136268421133,34,4564.777767199372,0,banking,2023-08-13
1217.790119393473,65,5750.586853835776,0,pharma,2023-08-14
1012.8560038190925,55,5195.975033864603,0,pharma,2023-08-15
784.4510444141388,90,5316.979417773407,0,supply,2023-08-16
856.9392581480064,43,5888.66275355096,0,pharma,2023-08-17
1135.9195497869352,74,4473.244567345009,0,supply,2023-08-18
853.9266736565727,30,5659.380586186951,1,pharma,2023-08-19
1043.2917179163949,82,4613.523282748026,1,banking,2023-08-20
1009.1143679807627,17,5339.51448381884,0,pharma,2023-08-21
869.6799304788366,26,4354.228649363432,0,supply,2023-08-22
1428.788817865065,8,4089.296176935268,0,pharma,2023-08-23
1126.7838044636023,47,5091.864745648493,0,banking,2023-08-24
594.9714826684785,76,3114.7999479788828,0,supply,2023-08-25
1037.2908629538856,91,4703.732556491118,0,banking,2023-08-26
867.6427070463224,72,3393.6229943908197,0,banking,2023-08-27
1170.4866669592448,89,5779.2340343136075,0,supply,2023-08-28
841.4958523134599,46,6050.110596108914,0,banking,2023-08-29
977.0527117066202,68,4136.048778579194,0,banking,2023-08-30
1100.9974557960913,33,5428.312962473497,0,pharma,2023-08-31
1173.1510388340243,1,5899.135713687492,0,banking,2023-09-01
759.9407185888448,19,5902.469222501783,0,banking,2023-09-02
933.0997528318103,31,5214.450833971641,0,banking,2023-09-03
905.0109377678087,80,5734.304675561497,0,banking,2023-09-04
869.3341534852576,14,4350.668688079606,0,supply,2023-09-05
1353.0908480562193,53,5083.12246565668,0,pharma,2023-09-06
1080.9963421921912,48,4532.896593209224,0,banking,2023-09-07
747.823209132991,69,4266.212026214636,0,banking,2023-09-08
1183.572389410955,90,5036.063391469627,0,supply,2023-09-09
1424.4312394025267,62,5347.530376158074,0,banking,2023-09-10
1206.4930521102294,92,6163.508767954987,0,supply,2023-09-11
696.1260068091973,66,5265.155527298887,0,pharma,2023-09-12
903.1531854267497,64,5641.9305349615515,0,pharma,2023-09-13
1253.3822298373245,70,5653.283173249538,0,banking,2023-09-14
858.4661068762439,63,7687.53436569696,0,banking,2023-09-15
1088.7638856292456,73,3189.9675967274206,0,banking,2023-09-16
1154.9268106858674,33,4312.066133162823,0,supply,2023-09-17
814.6139056843834,41,6474.05605248808,0,banking,2023-09-18
988.09492878764,89,4647.986925146526,0,banking,2023-09-19
351.74653198618546,48,5885.80313760172,0,pharma,2023-09-20
795.122471733142,13,5230.009523762837,1,banking,2023-09-21
949.486369721368,73,7105.202401208011,0,pharma,2023-09-22
750.44336360703,77,3886.945572936288,0,banking,2023-09-23
1326.482260786327,31,6221.800552518813,0,pharma,2023-09-24
713.9717244078735,75,6749.581305272499,0,banking,2023-09-25
911.9911026606032,68,3985.5811228320003,0,pharma,2023-09-26
1026.1481154572182,98,5782.870243581347,0,supply,2023-09-27
1288.254657813223,4,4034.502014170944,0,pharma,2023-09-28
712.8275697641121,19,5030.161572535125,0,pharma,2023-09-29
1232.632750430992,70,4743.412069817827,0,pharma,2023-09-30
1002.0466122039174,98,2597.246065100313,0,banking,2023-10-01
803.6982697904098,82,5424.234259711899,0,banking,2023-10-02
1092.4206948526542,13,5143.339167606231,0,banking,2023-10-03
1039.811939114694,23,6479.07897340576,0,supply,2023-10-04
879.9566245682411,83,5611.143654649542,0,supply,2023-10-05
1013.9604169980038,75,7290.883924078762,0,pharma,2023-10-06
922.937280627648,1,5107.042382078714,0,supply,2023-10-07
1022.7034690502496,88,4894.4699479976925,0,pharma,2023-10-08
1132.4261349042094,54,4815.643349282904,0,pharma,2023-10-09
1317.2033632290704,71,4560.4112889682265,0,pharma,2023-10-10
752.4369002346302,89,2792.249083617431,0,supply,2023-10-11
1426.6066749312533,85,4779.805372992042,0,banking,2023-10-12
609.5824400954996,15,2932.1452735640078,0,supply,2023-10-13
969.6429809928833,65,5452.033344585769,0,pharma,2023-10-14
1117.6634412969154,76,3759.9397075294155,0,pharma,2023-10-15
1056.1983735470064,71,4105.6673769115805,0,supply,2023-10-16
875.4600960358812,15,4330.5898051674485,1,pharma,2023-10-17
958.375549928545,21,4795.064962186754,0,pharma,2023-10-18
901.3998130682335,19,5006.868254939037,0,supply,2023-10-19
882.1270486111576,60,6084.479583073071,0,supply,2023-10-20
1169.920419404205,93,4422.469906492446,1,supply,2023-10-21
1071.4030971930094,89,5480.14613622237,0,pharma,2023-10-22
861.4180809478692,33,7730.867233223567,0,pharma,2023-10-23
1179.91997508665,49,5377.3507027632295,0,banking,2023-10-24
1061.4599041753218,96,4819.5102110683665,0,banking,2023-10-25
1162.572423767792,35,4220.848348071702,0,supply,2023-10-26
1125.9257683847225,44,4805.668454579672,1,banking,2023-10-27
834.2009978155855,90,4113.779656390594,0,pharma,2023-10-28
887.963791960606,11,5268.661426683772,0,banking,2023-10-29
1149.4587210246523,99,5103.544138639393,0,pharma,2023-10-30
1122.0740530866929,72,2837.7807790822067,0,supply,2023-10-31
995.8196812071703,78,4981.441994233933,0,supply,2023-11-01
1023.4654766617564,74,6076.146312640013,0,pharma,2023-11-02
1255.532979157685,66,4600.88814779725,0,banking,2023-11-03
881.685722232834,46,4347.103227588438,0,supply,2023-11-04
1109.4194762340076,9,3622.2992268831476,0,supply,2023-11-05
959.5614695132211,3,3142.0079583755955,0,banking,2023-11-06
956.4637593545559,85,5831.349267063254,0,banking,2023-11-07
1219.7553703974381,26,4818.521670420804,0,pharma,2023-11-08
1165.083269797606,72,5772.021562003423,0,banking,2023-11-09
1162.7019272001278,48,6531.323744579469,1,banking,2023-11-10
1261.0957614308659,66,5921.247684910345,0,banking,2023-11-11
1004.2007683265518,70,4457.627678561204,1,pharma,2023-11-12
1136.3905942589927,28,5144.867664657555,0,pharma,2023-11-13
937.9466486813088,93,4385.227134843081,0,supply,2023-11-14
1064.8332704976883,26,4291.711537398337,0,pharma,2023-11-15
973.9713891264631,25,5342.815162402624,0,supply,2023-11-16
1019.3991929985436,12,4167.706116881827,0,banking,2023-11-17
1119.0314050873826,5,2790.848380911299,0,supply,2023-11-18
836.3558633533055,98,4111.852104272623,0,supply,2023-11-19
1418.477455137092,48,4693.118851312627,0,banking,2023-11-20
798.7965237000597,37,6521.398497831922,0,supply,2023-11-21
757.1622774424536,79,4509.062550128635,0,pharma,2023-11-22
1231.6221747000136,44,5511.924091029275,0,pharma,2023-11-23
1158.3325387925872,15,4831.69176603793,0,pharma,2023-11-24
1124.8239634104311,43,6226.405143870385,0,pharma,2023-11-25
1125.6691018528559,48,6157.0963854639585,0,supply,2023-11-26
997.5506454306171,87,6176.1751052399195,0,supply,2023-11-27
820.5491257028336,70,3266.0164705826473,0,banking,2023-11-28
1015.1609116387452,46,5206.724047244994,0,supply,2023-11-29
864.5676576975777,43,5758.938600121948,0,supply,2023-11-30
1195.0239466835503,21,5381.538562589331,0,supply,2023-12-01
970.5885236995723,23,5636.596325821829,0,banking,2023-12-02
834.9005606414977,80,5058.351004285478,0,pharma,2023-12-03
935.7228316694013,47,4255.215793273473,0,supply,2023-12-04
1082.5862908551248,15,3302.902615013748,0,banking,2023-12-05
887.255089439205,25,4354.430571351524,0,banking,2023-12-06
835.5559208867137,36,7678.109873638392,0,banking,2023-12-07
1048.7374422983826,75,4514.348823909328,0,pharma,2023-12-08
1048.9933142217446,51,3040.609773909256,0,supply,2023-12-09
898.6113649257741,15,5732.649360729083,0,banking,2023-12-10
905.7923388763354,68,5855.460008682645,0,pharma,2023-12-11
1046.4099874715273,21,6287.32439015214,0,banking,2023-12-12
710.3831317005352,13,5470.97850370678,0,banking,2023-12-13
718.507245124689,86,5845.601514466952,0,banking,2023-12-14
856.3111557495129,19,6840.217134841991,0,banking,2023-12-15
957.3105696576306,34,4254.526507937884,0,banking,2023-12-16
1062.1815131196008,78,4056.1492945762825,0,pharma,2023-12-17
1295.0712433899105,68,3905.413460447071,0,supply,2023-12-18
1171.5319246404038,52,4734.230413506017,0,supply,2023-12-19
968.0122940073146,27,6433.422419825169,0,supply,2023-12-20
996.1967584194622,29,5528.068367746235,0,supply,2023-12-21
799.4941270724382,28,5488.691952709218,0,pharma,2023-12-22
996.297372801522,35,3180.6920713352765,0,pharma,2023-12-23
942.2682722159724,8,4306.813172763581,0,pharma,2023-12-24
1064.543712067618,16,3164.3423671379633,0,banking,2023-12-25
834.5538112895354,36,6171.245789321543,0,banking,2023-12-26
1103.8693028482344,30,6585.646492885733,1,banking,2023-12-27
1306.5477826005156,18,5779.566727240382,0,supply,2023-12-28
978.2479703086285,2,4013.213954260455,0,banking,2023-12-29
1080.3423444197883,49,6482.02249361579,0,supply,2023-12-30
1138.0287983422224,77,4746.74508997479,0,banking,2023-12-31
919.7559056228328,4,3785.5407192473385,0,supply,2024-01-01
1044.8184963620834,90,4035.5957453883075,0,banking,2024-01-02
1002.5184801563589,89,4569.843364408163,0,banking,2024-01-03
1019.5352197097664,94,5049.578520484707,0,pharma,2024-01-04
845.3980432289068,75,4838.655788348206,0,banking,2024-01-05
1004.9020348517886,7,3587.331581828973,0,banking,2024-01-06
1099.59965824909,95,6213.3164091856415,0,pharma,2024-01-07
1290.2287215590084,74,4849.394080563156,0,supply,2024-01-08
1191.8541652170413,39,4286.24614372935,0,pharma,2024-01-09
1430.6364915023114,13,6110.302361982764,0,pharma,2024-01-10
846.5304874223901,31,3816.593811733469,0,supply,2024-01-11
1174.4641273441357,71,3371.1098164254854,0,banking,2024-01-12
1036.6684011476705,63,6272.48744659874,1,supply,2024-01-13
1437.9605866435345,56,6891.387849550339,0,banking,2024-01-14
838.3403429289697,42,4537.9039813486015,0,banking,2024-01-15
832.0556315638448,61,4954.029992082855,0,supply,2024-01-16
880.1214709111956,42,3853.3352854790965,0,pharma,2024-01-17
575.2208551380386,56,5005.492550243393,0,supply,2024-01-18
894.8489956638477,36,4524.294736268803,0,banking,2024-01-19
848.1734676892604,84,4897.871559965,0,supply,2024-01-20
1030.0787572952415,68,5409.258387597242,0,supply,2024-01-21
1068.351195155432,7,3901.854521969153,0,banking,2024-01-22
1375.2341678431771,54,4638.188660767432,0,pharma,2024-01-23
1190.08476763721,1,3196.218578221822,0,supply,2024-01-24
884.6192688675194,44,4645.012715886712,0,banking,2024-01-25
820.3170657303284,45,4906.565929083001,0,banking,2024-01-26
1098.3838343013012,47,5228.982425061078,0,supply,2024-01-27
735.9533585958716,13,5239.576540363209,0,pharma,2024-01-28
1366.2917531708708,22,5903.922750736856,0,supply,2024-01-29
1235.8880241442573,21,3460.33348072668,0,pharma,2024-01-30
906.1648695790591,86,3513.7229700497064,0,pharma,2024-01-31
657.3730941818245,92,5528.95793639252,1,pharma,2024-02-01
1270.7744748330826,9,2961.038722994584,0,pharma,2024-02-02
977.0920309494765,26,5183.300212104993,0,supply,2024-02-03
1247.5632623946924,9,3819.7070604101064,0,banking,2024-02-04
681.1144682411266,15,6572.814640917181,0,banking,2024-02-05
880.1249954092455,10,5250.452407727777,0,banking,2024-02-06
1001.0487399436366,88,4780.843980286938,0,banking,2024-02-07
1009.3961187529484,42,6227.720877139178,0,banking,2024-02-08
909.9869057041512,72,3936.597993429049,0,banking,2024-02-09
1124.5699864694998,24,4126.590365912191,0,supply,2024-02-10
786.4759141234811,80,3738.545166344891,0,pharma,2024-02-11
971.5241029957413,49,4134.960773651007,0,banking,2024-02-12
1024.0591263423798,26,5061.115609367388,0,supply,2024-02-13
1102.8877668117498,91,5493.9518719937205,0,banking,2024-02-14
1142.322975617778,37,5961.4216853675425,0,banking,2024-02-15
775.0715816324262,68,3175.2759530992607,0,pharma,2024-02-16
693.1771658528755,50,4828.137013536708,0,pharma,2024-02-17
1255.5353643797018,24,3891.8354688091986,0,pharma,2024-02-18
1066.4628023959183,19,4794.7129085118995,0,banking,2024-02-19
850.3026926886893,60,7334.16358012704,0,banking,2024-02-20
1310.2303951045046,39,5291.861762000015,0,banking,2024-02-21
1023.1349268585717,74,5899.464971148246,0,pharma,2024-02-22
1235.8594368127654,89,6960.691272161047,0,supply,2024-02-23
1013.5036962820218,18,6127.358243174758,0,banking,2024-02-24
1412.1495849763974,19,4552.085520313016,0,banking,2024-02-25
1351.0681684886408,36,3724.167913430062,0,banking,2024-02-26
950.2071703041853,74,4969.855730479149,0,supply,2024-02-27
1194.3141901908712,97,4432.294215781314,0,banking,2024-02-28
1129.0751899170295,55,3475.478713380826,0,supply,2024-02-29
1273.7263115064698,69,5240.924997289469,0,banking,2024-03-01
807.0153078839792,47,5265.886298059333,0,supply,2024-03-02
1137.2102919996878,49,6769.1167002632865,0,banking,2024-03-03
1211.6848973699175,99,4638.2369311631865,0,pharma,2024-03-04
648.2521027153771,98,5280.121388969449,0,pharma,2024-03-05
763.348297466845,33,4334.514585309785,0,pharma,2024-03-06
592.1535644479799,21,5873.169430693466,0,pharma,2024-03-07
946.1186331110885,81,4875.382203809871,0,banking,2024-03-08
1143.5084511591924,22,3827.408391147257,0,pharma,2024-03-09
1300.4714104192055,48,4986.528178334842,0,supply,2024-03-10
1014.8189560839551,37,5390.522897565001,0,pharma,2024-03-11
1325.7231091142585,15,5255.273387413563,1,pharma,2024-03-12
723.9797083570218,35,6045.896715495869,0,pharma,2024-03-13
659.323512128969,92,3551.94362795931,0,banking,2024-03-14
988.8904602206762,71,4157.257409985059,0,pharma,2024-03-15
1076.8130897878614,32,5639.787331795537,0,supply,2024-03-16
993.4610503811814,11,4274.731022038928,0,pharma,2024-03-17
586.5115799920247,10,5240.471249330207,0,pharma,2024-03-18
982.1759920974423,73,2580.2547525882374,0,pharma,2024-03-19
739.1060998990293,78,7715.946572312882,0,supply,2024-03-20
1133.9345097660077,77,4730.281468442664,0,pharma,2024-03-21
1073.3196492193697,57,6193.956259988278,0,supply,2024-03-22
812.024042734529,25,4663.102174416509,0,supply,2024-03-23
897.2266165326613,2,5414.698528730887,0,pharma,2024-03-24
788.1572956222096,64,6491.919646345273,0,supply,2024-03-25
987.4641805453656,35,6165.806019208385,0,banking,2024-03-26
1191.0284641002477,7,4795.545020314776,0,pharma,2024-03-27
802.8547907328913,85,4864.745674606307,0,pharma,2024-03-28
1100.809303103569,18,6003.566560183285,0,supply,2024-03-29
893.9484763255118,67,7333.2444042853,0,supply,2024-03-30
841.4254335475312,42,5192.282674399041,0,pharma,2024-03-31
978.5939280090885,39,6957.063640541641,0,banking,2024-04-01
792.9515355161252,41,4758.585589579794,0,supply,2024-04-02
889.2701389305636,75,5951.960363509802,0,supply,2024-04-03
760.4244214822303,24,6101.1557622472865,0,banking,2024-04-04
1392.945026583278,60,4590.039496147227,0,banking,2024-04-05
1007.0527103943457,46,4252.921920698358,0,pharma,2024-04-06
860.0548984014829,19,6145.389188547353,0,banking,2024-04-07
1042.7959821468444,68,4468.443062756944,0,pharma,2024-04-08
977.5343900618341,90,4105.650087324597,0,banking,2024-04-09
955.8060800933554,42,4316.040498200903,0,supply,2024-04-10
1122.8333400086851,32,4464.386661574588,0,pharma,2024-04-11
1151.501542009461,39,5856.617104625678,0,pharma,2024-04-12
893.8997704778945,36,5515.042673276188,0,pharma,2024-04-13
884.836351871064,97,5715.658244757891,0,banking,2024-04-14
944.9896605696712,36,5421.379811098082,0,supply,2024-04-15
539.615767052883,3,4406.159837753361,0,pharma,2024-04-16
696.9617875602896,73,5697.102855908272,0,pharma,2024-04-17
1273.374853488905,8,6182.453826605304,0,pharma,2024-04-18
1328.9935427002567,97,5584.503216119309,0,pharma,2024-04-19
950.1927920887243,70,5449.655906625851,0,supply,2024-04-20
1115.3113926111532,41,4232.9454934293235,0,banking,2024-04-21
1062.2500309087072,68,5211.817078974478,0,supply,2024-04-22
1615.7761616910475,13,4179.758670551299,0,pharma,2024-04-23
1223.9149822869153,49,4975.972141919396,0,supply,2024-04-24
974.4164817038467,60,3359.733360774684,0,pharma,2024-04-25
808.8919118799149,2,3367.4415970079067,0,banking,2024-04-26
678.7107359484855,60,4808.9523100529705,0,banking,2024-04-27
1040.6927271734446,5,4451.56032817301,1,banking,2024-04-28
848.7298509431394,44,5106.787193474173,0,pharma,2024-04-29
715.5492580804652,27,4865.231420884881,0,supply,2024-04-30
870.6854231514947,32,5030.190787210155,0,banking,2024-05-01
783.6903992771211,21,5608.607442356741,0,pharma,2024-05-02
1337.428327014513,8,4536.731044339168,0,pharma,2024-05-03
1176.3279513898901,72,4780.556188355137,0,supply,2024-05-04
998.4054717366765,50,6455.021222763164,0,banking,2024-05-05
1295.988827778005,67,5003.084126825027,0,pharma,2024-05-06
1015.4736615295236,44,4820.789525374611,0,supply,2024-05-07
827.7431597343473,58,5082.51269932319,0,banking,2024-05-08
1304.6248154539314,3,4838.63562699047,0,supply,2024-05-09
1107.7820087369316,86,4290.427707046775,0,supply,2024-05-10
792.5507691347087,70,4001.9701628202797,1,pharma,2024-05-11
961.9322643832784,2,4236.568659849995,0,pharma,2024-05-12
824.8763493230485,87,5872.919186770787,0,pharma,2024-05-13
723.4400538071328,44,4370.094745281588,0,supply,2024-05-14
1185.2355095063283,2,4845.075398163724,0,pharma,2024-05-15
1381.8833280940262,81,5700.736285132897,1,supply,2024-05-16
720.2864852361718,35,4721.608829189022,0,supply,2024-05-17
1112.593847338114,98,5633.3613148436525,0,pharma,2024-05-18
869.8714861756346,87,3459.206957569133,0,banking,2024-05-19
902.5749232470608,30,4867.483320458104,0,banking,2024-05-20
881.5212151522262,8,5078.896096598509,0,banking,2024-05-21
827.2018460640368,22,5023.138723098168,0,supply,2024-05-22
1009.7043255889654,44,3347.081302161116,0,supply,2024-05-23
833.8099767177924,58,6203.1126464308045,0,supply,2024-05-24
1054.0913651559677,36,4145.327055028583,0,pharma,2024-05-25
989.9523781101726,69,5335.037125262467,0,supply,2024-05-26
952.2103906267181,77,5007.96428264733,0,pharma,2024-05-27
818.4872675916804,93,6003.709523810678,0,pharma,2024-05-28
884.6457338863335,31,7187.488829374206,0,banking,2024-05-29
1151.0782451651512,47,3709.635515457164,0,banking,2024-05-30
1100.1834375248761,55,4351.086118727501,0,banking,2024-05-31
804.4889510402897,80,5189.092493839052,0,pharma,2024-06-01
1019.8664610858452,62,3894.646682447208,1,pharma,2024-06-02
1150.277424674358,30,5782.18260795576,0,pharma,2024-06-03
666.1189437757257,55,5843.372622157059,0,supply,2024-06-04
1108.672038475987,16,5559.449075995037,0,pharma,2024-06-05
867.4752482108306,12,5236.5817508761975,0,banking,2024-06-06
1114.1197337186318,17,6369.708777969781,0,banking,2024-06-07
847.3481686914967,16,3844.374518331138,0,pharma,2024-06-08
639.0235798670963,12,5065.268195342554,0,pharma,2024-06-09
674.4915124233675,8,4261.197131269779,0,banking,2024-06-10
1009.6169893322764,84,5889.916332565169,0,pharma,2024-06-11
1051.9445003442963,3,3166.6588354935675,0,banking,2024-06-12
819.1366749791183,16,4971.91613440702,0,supply,2024-06-13
1127.7184917554748,30,5335.238687069948,0,banking,2024-06-14
667.695987546208,23,4052.5078650262258,0,supply,2024-06-15
986.7840402705367,92,4373.809967778434,0,pharma,2024-06-16
757.7967600475087,5,5015.378981372106,0,pharma,2024-06-17
869.6327784395681,84,5955.0963794414765,0,supply,2024-06-18
1009.4797342632828,65,3967.130771412946,0,pharma,2024-06-19
827.9173269432096,30,4141.550059625314,0,supply,2024-06-20
923.088891154035,21,6125.587771040344,0,pharma,2024-06-21
1201.2585618428882,84,4727.024600080165,0,banking,2024-06-22
884.6216260953703,70,4222.460960155023,0,pharma,2024-06-23
1167.1384224130284,22,5728.684797216916,0,banking,2024-06-24
774.0586290684764,82,4511.803002767753,0,banking,2024-06-25
1105.9608355830565,72,6027.4215353387735,0,supply,2024-06-26
1288.31372413158,32,4336.2796230202875,0,pharma,2024-06-27
505.67109997454213,33,4840.405438175004,0,supply,2024-06-28
840.6209489059047,16,5944.971665388732,0,pharma,2024-06-29
1115.414425436108,76,4773.739128826249,0,banking,2024-06-30
959.3909227914014,38,5756.0533220786465,0,banking,2024-07-01
1074.2291746742617,98,4934.452393218995,0,pharma,2024-07-02
879.2029626568359,14,6981.691806400029,0,pharma,2024-07-03
1017.31795749458,36,6568.7786041028485,0,supply,2024-07-04
968.864552921584,97,3671.903737566252,0,pharma,2024-07-05
1233.5564123319614,23,5522.24368124801,0,pharma,2024-07-06
1050.8841686602427,66,4183.5960138989585,0,pharma,2024-07-07
1067.5205324150404,85,5191.506938792731,0,supply,2024-07-08
917.6246067755065,2,5068.370629310261,0,pharma,2024-07-09
902.4787551855013,91,3944.6129829075126,0,banking,2024-07-10
913.4883624360758,73,6058.484543530325,0,supply,2024-07-11
1078.8904284756593,65,5203.302943569075,0,supply,2024-07-12
915.8031038359475,75,4715.316964327417,0,banking,2024-07-13
1057.9549713792826,67,4561.890175756405,0,banking,2024-07-14
1415.0801597290879,52,5139.776969766235,0,banking,2024-07-15
1174.2249406863384,62,5407.925017514285,0,pharma,2024-07-16
934.7952935664317,23,4875.024213641734,0,banking,2024-07-17
1240.242784432789,26,2167.4804292237914,0,pharma,2024-07-18
918.3849253956897,68,5016.890716242484,0,supply,2024-07-19
592.3750929644292,82,3558.5179383902223,0,supply,2024-07-20
798.3827378165192,55,4790.547434350924,0,banking,2024-07-21
625.8416157948288,6,3595.435742930358,0,pharma,2024-07-22
929.6973031917382,35,3583.5023649205327,0,banking,2024-07-23
1003.6836758379103,22,6235.121821948528,0,banking,2024-07-24
1335.2874624550566,43,4679.90801905561,0,pharma,2024-07-25
1065.3854747528326,15,4603.337840178082,0,banking,2024-07-26
956.1798942382271,86,5482.524048828592,0,supply,2024-07-27
1165.8811162366978,60,4629.409476927548,0,banking,2024-07-28
557.7729381984229,12,7103.80609212741,0,pharma,2024-07-29
1047.1229116217132,49,4726.98023927398,1,pharma,2024-07-30
1154.1730387773935,42,5365.12541198301,0,supply,2024-07-31
704.2827508440316,38,5970.941331376861,0,pharma,2024-08-01
1228.750808641386,82,6602.25322560691,0,pharma,2024-08-02
1067.6992814988828,45,4257.99386434236,0,supply,2024-08-03
916.9424172198397,35,4582.036496161355,0,banking,2024-08-04
1126.556373221257,30,6274.591875293515,0,supply,2024-08-05
1454.1385715608792,88,5810.062304052692,0,banking,2024-08-06
1036.373251011699,30,6075.175935668459,0,supply,2024-08-07
1049.644117260067,78,3631.2954564403317,0,banking,2024-08-08
908.1278200919512,6,6547.9997539240185,0,supply,2024-08-09
830.0311261070417,67,4238.592456715195,0,banking,2024-08-10
1166.067163308849,80,5192.292978141896,0,supply,2024-08-11
828.7832348182266,7,4851.77712240823,0,banking,2024-08-12
1014.3132474438785,52,4121.51716345193,1,supply,2024-08-13
904.4685106469767,14,3587.464236578997,0,pharma,2024-08-14
1095.7959651492783,73,3256.151883367102,1,banking,2024-08-15
1066.7324210573897,15,5119.018406053975,0,supply,2024-08-16
1207.5079888515797,21,3474.6809097665446,0,banking,2024-08-17
897.9967202290507,35,3866.184404913117,0,banking,2024-08-18
946.0250129413257,66,4781.9641218017805,0,supply,2024-08-19
804.2472568435385,91,2361.1914997401004,0,banking,2024-08-20
911.1413479847777,2,5778.979712044002,0,supply,2024-08-21
1075.4600986089704,35,2590.111832893192,0,pharma,2024-08-22
1151.3977233290705,82,4922.627608667227,0,banking,2024-08-23
815.5669351644749,78,5015.01922659429,0,pharma,2024-08-24
1173.921184021132,20,5538.061720181809,0,banking,2024-08-25
1271.1275717609901,82,4958.319197610106,0,banking,2024-08-26
1082.6869806447403,10,7017.907963833239,0,banking,2024-08-27
1375.3591625116132,25,5216.3168815685,0,supply,2024-08-28
845.2421601792854,66,6053.612399243661,0,pharma,2024-08-29
751.0690593377166,25,4276.5371911297125,0,banking,2024-08-30
644.2559502191443,54,5120.756806189468,0,supply,2024-08-31
1299.2088622978367,33,6547.5700950289265,0,banking,2024-09-01
1130.8731312708114,36,4762.304875310359,0,supply,2024-09-02
988.883065817909,95,5192.234764195231,0,banking,2024-09-03
1055.993725263964,14,5980.853449137475,0,pharma,2024-09-04
774.9021905403247,65,4257.770479808365,0,pharma,2024-09-05
1489.1503959233653,80,2838.4396666808066,0,banking,2024-09-06
1025.8442363950455,54,5255.5736537123685,0,supply,2024-09-07
1021.8789589209786,52,5988.669169358002,0,banking,2024-09-08
1145.1533247797383,3,3648.5542351080285,0,supply,2024-09-09
1096.2018463473426,99,5670.2198972773385,0,banking,2024-09-10
1044.7768048558262,41,5676.9663873395375,0,supply,2024-09-11
841.9051089109377,6,2726.503740884696,0,pharma,2024-09-12
1094.2936714271991,25,4063.711367593228,0,banking,2024-09-13
1376.4048992950068,13,4604.171219268338,0,pharma,2024-09-14
1269.0840092309954,98,4820.375999764763,0,pharma,2024-09-15
1318.6373253278794,8,4256.865735232016,0,banking,2024-09-16
897.756864713763,21,4202.9971964178185,0,banking,2024-09-17
802.0790359482838,98,6671.482891182092,0,supply,2024-09-18
974.8426159800704,68,4892.440868141091,0,supply,2024-09-19
1011.1449824577389,25,4304.9563398502605,0,pharma,2024-09-20
1218.8383036941898,79,4958.83052308745,0,supply,2024-09-21
661.5070740570361,68,5537.090833061144,0,supply,2024-09-22
1305.9100638921227,45,5051.626376711208,0,banking,2024-09-23
968.3984202842021,60,4794.2724091720265,0,supply,2024-09-24
914.623786010516,12,4349.983331329547,1,pharma,2024-09-25
797.5791249479665,32,4337.869154532401,0,supply,2024-09-26
669.0286656268461,96,4402.19161351464,0,pharma,2024-09-27
1164.6341167923829,92,5338.814600810737,0,banking,2024-09-28
1014.6635934376808,13,4005.819907598213,0,pharma,2024-09-29
742.0078200517892,31,5393.269223470222,0,supply,2024-09-30
740.9842455872767,78,6412.99475562683,0,banking,2024-10-01
932.8430601419743,20,5325.707357813199,0,supply,2024-10-02
1333.8043050578785,18,4630.414471082863,0,banking,2024-10-03
948.081729727279,93,3701.8731149453697,0,banking,2024-10-04
699.3714093763788,60,6578.106807911514,0,supply,2024-10-05
950.8513871828111,63,3829.9823494010875,0,supply,2024-10-06
945.4552860504659,6,5848.562034475748,0,banking,2024-10-07
460.6226714116857,32,5638.517860594486,0,banking,2024-10-08
989.1410266964375,93,4763.23139703594,0,supply,2024-10-09
953.8130939582644,43,4737.021196219322,0,pharma,2024-10-10
1139.2412729626838,2,3164.2887259589793,0,supply,2024-10-11
1369.791218989069,60,5330.065000812621,0,banking,2024-10-12
1225.3130059095515,23,5619.926332395805,0,supply,2024-10-13
946.2222618890339,83,3910.919883852195,0,pharma,2024-10-14
778.694818251666,31,4844.178525670897,0,supply,2024-10-15
1514.671960649972,5,5037.86191500895,0,banking,2024-10-16
1011.8436868028977,83,5584.572627949568,0,supply,2024-10-17
1002.7858583825893,34,5003.803076123188,0,banking,2024-10-18
995.1749825779993,10,3373.680646038416,0,banking,2024-10-19
1039.616952153571,89,4470.062230537511,0,supply,2024-10-20
971.1279176152115,2,5224.625785389019,0,banking,2024-10-21
885.2675986239527,11,5841.528342039759,0,banking,2024-10-22
890.6282117519215,50,4382.363390605753,0,pharma,2024-10-23
993.4493459568004,31,7187.649874550019,0,pharma,2024-10-24
891.315045773247,56,3105.5269311630354,0,pharma,2024-10-25
857.4308434645671,79,4436.299824942099,0,pharma,2024-10-26
1021.2860455383793,73,4916.966396507227,0,banking,2024-10-27
949.004556515829,87,4799.250836447136,0,supply,2024-10-28
1300.7985977165376,83,3767.857670185167,0,banking,2024-10-29
469.80603832139764,9,5447.861747751794,0,banking,2024-10-30
1218.3013703844924,99,5371.094051313922,1,banking,2024-10-31
1249.2170384995259,21,5047.961445981547,0,supply,2024-11-01
585.32195351837,73,5331.843863258516,0,pharma,2024-11-02
931.4624811839302,28,4576.223588551969,0,banking,2024-11-03
925.7118268008417,62,3382.637049891432,0,banking,2024-11-04
718.4976610564357,7,4283.360129947755,0,pharma,2024-11-05
844.4366624818249,80,5157.054581409441,0,banking,2024-11-06
777.8848309068343,16,5162.744414846396,0,supply,2024-11-07
1350.4540886847244,97,5041.379052585848,0,banking,2024-11-08
1187.1356786294923,4,5548.708267985032,0,banking,2024-11-09
1254.3110189988317,4,4418.853954549983,0,pharma,2024-11-10
1144.334412808647,40,5026.681057110536,0,banking,2024-11-11
774.1896457565542,17,5572.092778404922,0,banking,2024-11-12
895.0959467440452,52,4915.110181497646,0,supply,2024-11-13
1097.8749122455836,93,3756.6760715939013,0,pharma,2024-11-14
755.574438221611,52,4038.5116303444624,0,pharma,2024-11-15
1142.5996860344776,36,5830.852324279367,0,supply,2024-11-16
951.934920368373,38,6392.472162942573,0,banking,2024-11-17
925.0358384900806,50,6175.283107824049,0,pharma,2024-11-18
1142.1919936406982,63,5232.155949742035,0,pharma,2024-11-19
1088.8526622972079,63,3796.8673979833075,0,banking,2024-11-20
927.806766836184,62,4993.648443227131,0,banking,2024-11-21
1231.8659606728497,99,6562.255131950422,0,pharma,2024-11-22
783.7873344800205,7,5618.488380456475,0,banking,2024-11-23
1123.1871213888528,27,4792.522477316127,0,pharma,2024-11-24
1118.6202515936768,92,5628.6252328412165,0,banking,2024-11-25
938.090712137202,86,3730.6047933843956,0,banking,2024-11-26
1065.2266044484236,14,4304.328622151797,0,supply,2024-11-27
749.7772847229394,71,3915.8086089776752,0,banking,2024-11-28
1184.8054038413802,86,5469.571818348432,0,supply,2024-11-29
963.0195727114021,5,5714.103499720092,0,banking,2024-11-30
895.4553958961922,55,4846.173972801634,1,pharma,2024-12-01
1209.801845167378,2,4127.070323260434,1,pharma,2024-12-02
859.1312618914482,62,4980.250906465372,0,banking,2024-12-03
718.3077407272881,91,4513.420109326193,0,banking,2024-12-04
688.6741652952193,21,4203.8292953062555,0,pharma,2024-12-05
1121.201990269128,79,5338.993685309247,0,banking,2024-12-06
743.9141295007435,21,4242.007777481326,0,supply,2024-12-07
1350.9588363968728,10,3433.6502670359077,0,supply,2024-12-08
583.6141184232556,87,3655.885529636813,0,supply,2024-12-09
1339.2912736580076,58,3396.7395331840507,0,supply,2024-12-10
1042.2034934405237,39,5247.511916576204,0,supply,2024-12-11
980.6573776259215,5,5150.405438176164,1,banking,2024-12-12
891.01618263821,65,5100.520094508162,0,banking,2024-12-13
1079.827222870414,13,5587.731652479943,0,supply,2024-12-14
992.4730595150303,85,6191.958856117117,0,banking,2024-12-15
1220.6603764033043,90,4407.733469174885,0,banking,2024-12-16
1022.845529732408,85,5406.477477238418,0,supply,2024-12-17
1030.0603522923755,53,3420.384492594123,0,banking,2024-12-18
927.2775575572289,82,6378.70974626335,0,banking,2024-12-19
988.6108752557865,45,3755.168761781843,0,banking,2024-12-20
1061.5603537784118,32,4289.918880959563,0,supply,2024-12-21
657.9663214686749,36,4402.2904862669075,0,banking,2024-12-22
730.3629155788574,81,3473.729003277788,0,pharma,2024-12-23
1148.652818804543,99,5032.575577408562,0,pharma,2024-12-24
1034.1730876255883,60,5213.903868201482,0,supply,2024-12-25
963.2033327294641,11,4810.586329018451,0,pharma,2024-12-26
1003.6867866130787,63,3459.752367968923,0,supply,2024-12-27
1069.5163410723342,21,6983.386234851711,0,pharma,2024-12-28
892.0480639381277,52,5549.230796501648,0,pharma,2024-12-29
844.3390549195375,55,7634.222043649959,0,pharma,2024-12-30
1039.1690510195363,26,4194.890760113707,0,supply,2024-12-31
804.3254444769937,68,5957.882228176976,0,supply,2025-01-01
1081.6505511428943,34,5779.2738873941635,0,banking,2025-01-02
659.4832791524319,52,4709.424896902638,0,supply,2025-01-03
1205.8311274651287,82,6411.050901059224,0,pharma,2025-01-04
1094.5194964826087,99,4594.589992386222,0,pharma,2025-01-05
1051.2059468627751,93,4639.108580575393,0,supply,2025-01-06
1196.5381967891028,52,1528.5701080616172,0,supply,2025-01-07
1333.0948888925154,29,5409.028053742637,0,supply,2025-01-08
1202.874013003626,38,3674.4900883175933,1,banking,2025-01-09
631.825153733671,42,4449.278804304488,0,pharma,2025-01-10
744.0846066528597,21,3973.7803612549724,0,banking,2025-01-11
875.0362844608642,42,4633.768460681738,0,banking,2025-01-12
1005.2182100421668,13,5443.880230217435,0,pharma,2025-01-13
1103.5318040938246,64,5011.141563048757,0,pharma,2025-01-14
854.8512373693069,17,5709.641290505807,0,supply,2025-01-15
1037.3533528954156,9,6265.629535585631,0,supply,2025-01-16
848.9234135293354,41,4631.204063322164,0,banking,2025-01-17
877.6964394016104,1,4521.432757983886,0,supply,2025-01-18
718.6677806303555,2,5957.727653662009,0,supply,2025-01-19
815.3533507778192,60,6037.04728873993,0,pharma,2025-01-20
729.6630788767333,48,5740.590868103047,0,pharma,2025-01-21
804.8253494045334,29,4047.8211932606505,0,supply,2025-01-22
1210.728359321568,97,5422.6550655016035,0,pharma,2025-01-23
810.1202222336115,10,5109.470604047289,0,supply,2025-01-24
1526.4764129674782,58,6052.528941349663,0,pharma,2025-01-25
1098.663580176178,60,4427.127910462252,0,pharma,2025-01-26
1036.967224738975,21,3333.389708850084,1,pharma,2025-01-27
828.3284439637573,28,5690.236800380272,0,pharma,2025-01-28
1140.0619758817984,75,2441.6316167428977,0,supply,2025-01-29
884.8724347524452,34,4268.48659610367,0,banking,2025-01-30
1024.4019629290724,8,3976.8044886817056,0,pharma,2025-01-31
1512.016907653759,59,3970.0653290942532,0,supply,2025-02-01
980.78802005507,86,4250.968529044904,0,supply,2025-02-02
1229.8546652571351,72,6217.3735697516295,0,pharma,2025-02-03
859.3647149748225,49,5820.555419006373,0,banking,2025-02-04
993.0023019006077,79,4748.269318007495,0,pharma,2025-02-05
1354.160127127102,17,6133.6234718590495,0,supply,2025-02-06
874.6065884424465,60,3937.702844833626,0,banking,2025-02-07
1362.4897115993858,87,3801.7166142528417,0,supply,2025-02-08
1141.550387091095,88,5863.59665924659,0,pharma,2025-02-09
887.5066448211464,45,5579.643229322647,0,banking,2025-02-10
1126.4815478111043,83,4539.736598416677,0,supply,2025-02-11
1194.510889925346,69,3864.5391063018697,0,supply,2025-02-12
1124.3619924434392,32,6459.73187503794,0,supply,2025-02-13
685.9550560219087,44,3279.8974490521814,0,pharma,2025-02-14
854.5725648350262,65,4401.57406465644,0,banking,2025-02-15
950.4962728896991,87,5228.576527517897,0,pharma,2025-02-16
985.1133141799908,8,6802.164808431446,0,pharma,2025-02-17
1124.1344195101356,77,5383.10021207322,0,pharma,2025-02-18
1035.5402001866507,72,5480.304653013299,0,banking,2025-02-19
732.9311282579797,87,4430.616299851873,0,pharma,2025-02-20
1076.0395702011926,43,5568.4802252745985,0,pharma,2025-02-21
1122.1171490567647,1,5105.309320879087,0,pharma,2025-02-22
1111.958089586208,51,3411.535459582442,0,pharma,2025-02-23
1216.1561451109244,24,5792.934853493107,0,supply,2025-02-24
1166.784430909781,99,5970.393389846851,0,pharma,2025-02-25
1091.8360158456874,24,5803.365048821162,0,supply,2025-02-26
985.9668577082706,17,5033.327925665802,0,pharma,2025-02-27
667.8078132968017,5,4043.8231168503526,0,banking,2025-02-28
1085.9236438265173,20,2690.8162687151344,0,supply,2025-03-01
1041.5375374326222,21,5157.053605401451,0,supply,2025-03-02
1054.3157674390748,58,6081.942059740849,0,supply,2025-03-03
744.6502848359381,31,5995.53246908308,0,supply,2025-03-04
783.7886919183475,11,5816.0728433938475,0,banking,2025-03-05
1210.6305706665808,52,4925.789021450609,0,pharma,2025-03-06
992.088969228669,15,6087.464174031496,0,supply,2025-03-07
1136.300139474525,83,5924.161823855903,0,banking,2025-03-08
1005.6636752260922,7,4577.366439278442,0,supply,2025-03-09
1005.951227899149,28,5676.598016615847,0,pharma,2025-03-10
1187.6567611951996,51,4464.0408545907085,0,supply,2025-03-11
896.7910543565253,58,5540.024231616922,0,banking,2025-03-12
1019.2241553881967,5,3700.883355698933,0,pharma,2025-03-13
907.5449422589916,5,3777.7881913270785,0,banking,2025-03-14
913.1007545135369,94,6058.207046943908,0,pharma,2025-03-15
938.1655753062721,96,5937.560122204764,0,pharma,2025-03-16
1044.4267543267426,8,5633.611540575831,0,pharma,2025-03-17
904.2502756673045,64,5087.96882105283,0,supply,2025-03-18
1251.1512251147042,10,2608.7255689758517,0,banking,2025-03-19
821.0785395560993,38,4925.12406179351,0,banking,2025-03-20
962.6256711677282,96,5454.183167189838,0,banking,2025-03-21
912.053788345165,92,4465.266752440409,0,pharma,2025-03-22
1289.3955768707465,81,4287.505807191763,0,supply,2025-03-23
1039.3109553023148,95,6444.420388153691,0,pharma,2025-03-24
1206.368907893727,8,4939.7110086083885,0,banking,2025-03-25
702.8879253926057,25,5454.795169642381,0,supply,2025-03-26
1053.4100531738518,73,5774.131461619365,0,supply,2025-03-27
1177.9261591246875,66,3998.5629234949224,0,supply,2025-03-28
1016.4567978550848,79,5193.207422714194,0,banking,2025-03-29
1213.0960750130703,50,6319.644494477299,0,supply,2025-03-30
896.5423099799256,67,6819.223183299721,1,supply,2025-03-31
1281.8694880371158,49,5039.93639721469,0,pharma,2025-04-01
1459.77962472385,36,4762.056452652925,1,pharma,2025-04-02
927.4322879120682,68,5269.0240681375335,1,supply,2025-04-03
910.8994957198456,78,5243.6370470275215,0,supply,2025-04-04
1290.6768954235401,41,6386.758066131153,0,pharma,2025-04-05
1315.9144291461425,89,4003.608310832933,0,pharma,2025-04-06
895.4279945693463,62,4720.1269138339785,0,pharma,2025-04-07
915.9626365808285,10,3882.8586731234896,0,banking,2025-04-08
943.6430782278985,21,3987.9051142024227,0,banking,2025-04-09
731.1098977931446,36,5376.574015139125,0,pharma,2025-04-10
816.2696107031604,12,5809.8578416370265,0,supply,2025-04-11
799.1718466495864,91,4350.608306256255,0,pharma,2025-04-12
846.4404869791744,2,5772.09478897529,0,banking,2025-04-13
993.0630225226438,13,6111.578657131968,0,supply,2025-04-14
1046.842946507304,53,6934.70599843339,0,banking,2025-04-15
1310.1000985628154,32,5069.746848841049,0,supply,2025-04-16
800.3291918522418,95,4360.235472555867,0,banking,2025-04-17
1196.8644796953167,16,3997.5280683941055,0,supply,2025-04-18
957.2022311548982,32,3898.206802080106,0,supply,2025-04-19
990.1072580695134,32,6249.780701403606,0,supply,2025-04-20
1134.9638984333208,98,3484.9046570443497,0,supply,2025-04-21
775.4555956875403,11,6217.7484856512,0,banking,2025-04-22
1076.4819492368101,10,4131.558970747851,0,banking,2025-04-23
1033.2904416426113,15,4314.793802140594,0,supply,2025-04-24
1098.4902528016298,17,4848.44454499002,0,supply,2025-04-25
1057.8337287815637,40,4296.345450433489,1,banking,2025-04-26
1491.0600279821788,18,5931.979754959575,0,supply,2025-04-27
872.4520031497368,55,6813.343951982775,0,supply,2025-04-28
893.8006089996364,73,4342.567842446862,0,supply,2025-04-29
875.3718947150471,25,4567.762160835373,0,pharma,2025-04-30
888.904576167949,59,4836.679192716101,0,supply,2025-05-01
872.5225745386965,78,5541.056763492637,0,pharma,2025-05-02
1237.8033062215104,89,4846.515721044144,0,supply,2025-05-03
1284.1008495979709,22,6387.257411052596,1,banking,2025-05-04
885.8507412501048,30,6146.623916561927,0,pharma,2025-05-05
833.5288853791542,84,3814.5376464049,0,pharma,2025-05-06
1094.2831112772808,85,5520.968165574829,0,supply,2025-05-07
889.5553911438058,44,6520.339237309503,0,supply,2025-05-08
1126.586363551102,32,4505.219054233116,0,pharma,2025-05-09
1040.58460417026,51,4705.735128206444,0,banking,2025-05-10
696.8511770005537,46,4471.963002147045,0,banking,2025-05-11
1309.5010402660123,21,4492.924384476494,0,supply,2025-05-12
1359.1755346191044,99,3331.5484480889522,0,banking,2025-05-13
877.4422619031227,32,3671.685048534949,0,banking,2025-05-14
922.4596880128032,94,5077.47371873723,0,supply,2025-05-15
1057.173078144981,39,6513.597974652778,0,banking,2025-05-16
1066.891357997405,12,4386.639187481717,0,supply,2025-05-17
1131.7088545345662,47,4357.242697051442,0,pharma,2025-05-18
1402.04090775327,18,6701.521070420735,0,supply,2025-05-19
964.6105545011901,21,3891.742538184013,0,pharma,2025-05-20
840.3405510923093,13,3338.756837293578,0,pharma,2025-05-21
724.1361543970945,21,4171.4845638625,0,banking,2025-05-22
853.8139920116162,8,4337.215521205634,0,banking,2025-05-23
993.3746054252406,46,3252.5469153049344,0,banking,2025-05-24
1358.9115727035576,7,4871.958293725389,0,supply,2025-05-25
896.4777401927657,23,5948.446349861535,0,banking,2025-05-26
1044.7575903277798,96,3714.045226285174,0,pharma,2025-05-27
996.7154207854496,75,5087.578218953589,0,banking,2025-05-28
1237.678654689617,86,5395.935675626773,0,banking,2025-05-29
1505.3864851747244,22,4916.615724725707,0,supply,2025-05-30
893.8262454159359,89,5185.692589741059,0,supply,2025-05-31
902.1121114963555,22,5197.327262595211,0,pharma,2025-06-01
1208.8321754138144,92,4187.272043081568,0,supply,2025-06-02
1136.3782979252624,29,6498.582572011868,0,banking,2025-06-03
1369.3414651472067,13,6247.7568340762155,0,supply,2025-06-04
1116.7856370651928,82,6189.911397241168,0,pharma,2025-06-05
928.141581842588,2,6013.675740543864,0,banking,2025-06-06
1118.1309661384619,29,3425.020530566976,0,pharma,2025-06-07
1221.7407161165816,85,5926.062377811966,0,supply,2025-06-08
1164.0964362394727,79,5655.601427549508,0,supply,2025-06-09
1101.4548062214596,52,3463.4763850562167,0,pharma,2025-06-10
1213.3349379178308,27,4785.089644849922,0,banking,2025-06-11
1233.8591180891344,50,5276.793449325289,1,supply,2025-06-12
1276.4317982075054,95,6664.317098124635,0,supply,2025-06-13
1129.7419775179285,79,5724.723857894259,0,banking,2025-06-14
966.5763839366291,23,4135.434272721698,0,supply,2025-06-15
1029.3427372866645,88,6695.388458451964,0,pharma,2025-06-16
1241.3017933016713,44,5043.779762713889,0,supply,2025-06-17
836.6128658025527,77,4744.158863096908,0,supply,2025-06-18
1073.7346617745802,22,4672.881803411188,0,banking,2025-06-19
921.3322375345278,43,3376.4447619768666,0,pharma,2025-06-20
1005.7489645869636,37,4890.230496183857,0,banking,2025-06-21
1255.6903725214597,61,5497.485257305658,0,supply,2025-06-22
1038.2198136039806,97,4614.6166724747845,0,supply,2025-06-23
1009.2873096312297,56,5420.452477247559,0,banking,2025-06-24
728.0287718040162,3,4135.608929085819,0,banking,2025-06-25
1149.250713205444,63,4859.0720857223805,0,banking,2025-06-26
1129.0968362282151,19,5316.540326608632,0,pharma,2025-06-27
1432.6509446610921,23,5189.660877063421,0,supply,2025-06-28
938.4443530093998,29,3394.5349102809537,0,banking,2025-06-29
1043.8300655327878,30,4560.994049128772,0,supply,2025-06-30
1049.876736742151,39,6677.462930312606,0,pharma,2025-07-01
1315.4906559526949,25,4507.553925669482,0,pharma,2025-07-02
980.9408935226096,8,5015.80754411184,0,pharma,2025-07-03
1055.8043051540678,58,4913.244249451056,0,pharma,2025-07-04
1121.5793019433079,16,6568.239758919652,0,supply,2025-07-05
1037.3218246312717,72,6290.36812219467,0,pharma,2025-07-06
910.7132770898943,1,5807.5309998188095,0,pharma,2025-07-07
1038.8179985796614,5,4026.7576866274662,0,banking,2025-07-08
1214.7263499719545,3,5359.18304919208,0,pharma,2025-07-09
794.696940117788,65,5567.941743075132,0,banking,2025-07-10
1026.5939348293753,4,4301.395164403945,0,pharma,2025-07-11
859.9758370121654,99,4129.482894152311,0,pharma,2025-07-12
1239.0093257849685,96,6705.01414720703,0,banking,2025-07-13
695.3626190432451,64,4699.196687783071,0,pharma,2025-07-14
888.2156305456823,98,6614.976818911148,0,supply,2025-07-15
1075.4423750129042,89,5997.093755494534,0,supply,2025-07-16
1313.1048058468682,10,5407.876782375321,0,pharma,2025-07-17
986.8499477854025,21,5452.531436359484,0,supply,2025-07-18
888.9600946613604,46,3599.5804396692324,0,banking,2025-07-19
1376.231413888118,91,5206.774779834416,0,pharma,2025-07-20
710.3972199167513,27,6417.020412981627,0,pharma,2025-07-21
560.2388086759836,66,5681.339503185609,0,banking,2025-07-22
1088.0028900106665,41,5154.33668706441,0,banking,2025-07-23
899.5891551294778,13,6711.93719581703,0,banking,2025-07-24
795.7534365738574,9,4814.959277339196,0,pharma,2025-07-25
1141.6712894598706,36,4380.444324978315,0,banking,2025-07-26
1048.7601427542397,86,5153.831916078257,0,banking,2025-07-27
887.1842738526543,90,5766.467368111596,0,supply,2025-07-28
743.9391202658212,58,3282.205904191739,0,supply,2025-07-29
1174.491465656029,54,5284.8686434904175,0,pharma,2025-07-30
1130.0402355917322,12,5810.34501553631,0,supply,2025-07-31
980.1648272441234,81,4730.358374703139,0,supply,2025-08-01
1369.3273992095333,78,6106.964766302642,0,banking,2025-08-02
785.9830467347695,14,5641.18666241107,1,banking,2025-08-03
694.8949658150523,34,7141.383118511078,0,supply,2025-08-04
861.6183860237511,53,4249.397102418785,0,supply,2025-08-05
990.8827967289004,20,5830.7098504960895,0,supply,2025-08-06
1048.6678898645384,75,3982.676092202595,0,pharma,2025-08-07
951.752788428734,16,3384.6335487232736,0,pharma,2025-08-08
1070.4110793028594,95,2964.469157182127,0,pharma,2025-08-09
749.6921151619111,70,5538.324022396927,0,supply,2025-08-10
1288.7529208146518,56,5184.247913944103,0,supply,2025-08-11
983.5697643214862,83,4520.948942638246,0,pharma,2025-08-12
1223.4591663176254,58,3226.4956660503867,0,pharma,2025-08-13
1068.5450692755408,4,4309.613373861323,0,supply,2025-08-14
1091.3506438307568,4,5004.093007675457,0,banking,2025-08-15
1113.9534560464408,20,5793.169366793098,1,pharma,2025-08-16
1089.541712003463,10,4983.464249752375,0,supply,2025-08-17
1128.5445519735088,24,5252.060342705277,0,supply,2025-08-18
1265.8305060264863,99,4623.867619025864,0,banking,2025-08-19
1039.3042339402941,26,6749.224202527154,1,supply,2025-08-20
1141.8007515177023,37,3981.750355671772,0,supply,2025-08-21
982.0528611425547,85,4300.761782714872,0,pharma,2025-08-22
1288.0234430898945,54,4507.641926006487,0,pharma,2025-08-23
864.721539588146,21,5542.704397976724,0,banking,2025-08-24
1360.1880865821631,74,3961.1402102131196,0,banking,2025-08-25
991.9684098711314,38,5135.718590547998,0,supply,2025-08-26
713.8449795763904,46,5164.910143426558,0,pharma,2025-08-27
1025.6208829821578,4,4305.64202926662,0,banking,2025-08-28
863.7896685050239,60,5329.979460956857,0,banking,2025-08-29
1168.1287097977447,57,3992.1861012625686,0,banking,2025-08-30
869.4752041395218,45,3882.9258575382537,0,supply,2025-08-31
910.763313357044,20,5099.6057565214405,0,pharma,2025-09-01
622.0918538108938,17,3340.244414521937,0,banking,2025-09-02
909.5387361501846,71,2855.197297449762,0,pharma,2025-09-03
515.2241346742087,4,5532.8333007968,0,banking,2025-09-04
683.2194353028553,93,6048.96994259117,0,banking,2025-09-05
1152.0829312288595,14,4533.196881307471,0,pharma,2025-09-06
1157.1600317301663,3,4331.92934790223,0,pharma,2025-09-07
1085.091512356993,88,6005.53522597456,0,pharma,2025-09-08
806.6047713741574,80,3854.46178200108,0,supply,2025-09-09
990.457728771604,58,3636.6273752788416,0,banking,2025-09-10
999.2794921818863,55,5707.636423708487,0,supply,2025-09-11
768.3270621614914,4,5009.038186512307,0,pharma,2025-09-12
1300.67966035343,24,6064.876739290237,0,banking,2025-09-13
1175.4724581151343,34,2859.734121222021,0,supply,2025-09-14
955.8071652340673,30,3599.326008881437,0,banking,2025-09-15
1005.3771677989062,82,5014.332059844157,0,supply,2025-09-16
1041.6765615895106,19,5417.673698483786,1,pharma,2025-09-17
591.6530263151419,31,5846.997087689459,0,supply,2025-09-18
950.5645234958806,60,5174.817768808778,0,banking,2025-09-19
863.6031504004403,60,5164.655155358569,0,banking,2025-09-20
799.6759980210169,19,4610.598456969801,0,banking,2025-09-21
943.779941422809,49,6590.904904904518,0,banking,2025-09-22
1359.5373053699045,63,3896.9765445295025,0,pharma,2025-09-23
1128.168572253402,83,5359.020152555939,0,supply,2025-09-24
885.7642020434406,22,4012.1911654119804,0,pharma,2025-09-25
1114.5165562712318,24,5534.778545805009,0,pharma,2025-09-26
